{
  "name": "korpo44",
  "vendorId": "0x1926",
  "productId": "0x4625",
  "lighting": "none",
  "matrix": { "rows": 8, "cols": 6 },
  "layouts": {
    "keymap": [
      [
          {
            "y": 0.35,
            "x": 3.25
          },
          "0,3",
          {
            "x": 6.75
          },
          "4,3"
        ],
        [
          {
            "y": -0.8700000000000001,
            "x": 2.25
          },
          "0,2",
          {
            "x": 1
          },
          "0,4",
          {
            "x": 4.75
          },
          "4,4",
          {
            "x": 1
          },
          "4,2"
        ],
        [
          {
            "y": -0.87,
            "x": 5.25
          },
          "0,5",
          {
            "x": 2.75
          },
          "4,5"
        ],
        [
          {
            "y": -0.53,
            "x": 1.25
          },
          "0,1"
        ],
        [
          {
            "y": -1,
            "x": 13
          },
          "4,1"
        ],
        [
          {
            "y": -0.8700000000000001,
            "x": 0.25
          },
          "0,0",
          {
            "x": 12.75
          },
          "4,0"
        ],
        [
          {
            "y": -0.8599999999999999,
            "x": 3.25
          },
          "1,3",
          {
            "x": 6.75
          },
          "5,3"
        ],
        [
          {
            "y": -0.8700000000000001,
            "x": 2.25
          },
          "1,2",
          {
            "x": 1
          },
          "1,4",
          {
            "x": 4.75
          },
          "5,4",
          {
            "x": 1
          },
          "5,2"
        ],
        [
          {
            "y": -0.8700000000000001,
            "x": 5.25
          },
          "1,5"
        ],
        [
          {
            "y": -0.9999999999999998,
            "x": 9
          },
          "5,5"
        ],
        [
          {
            "y": -0.5300000000000002,
            "x": 1.25
          },
          "1,1",
          {
            "x": 10.75
          },
          "5,1"
        ],
        [
          {
            "y": -0.8700000000000001,
            "x": 0.25
          },
          "1,0",
          {
            "x": 12.75
          },
          "5,0"
        ],
        [
          {
            "y": -0.8599999999999999,
            "x": 3.25
          },
          "2,3",
          {
            "x": 6.75
          },
          "6,3"
        ],
        [
          {
            "y": -0.8700000000000001,
            "x": 2.25
          },
          "2,2",
          {
            "x": 1
          },
          "2,4",
          {
            "x": 4.75
          },
          "6,4",
          {
            "x": 1
          },
          "6,2"
        ],
        [
          {
            "y": -0.8700000000000001,
            "x": 5.25
          },
          "2,5",
          {
            "x": 2.75
          },
          "6,5"
        ],
        [
          {
            "y": -0.5299999999999998,
            "x": 1.25
          },
          "2,1",
          {
            "x": 10.75
          },
          "6,1"
        ],
        [
          {
            "y": -0.8700000000000001,
            "x": 0.25
          },
          "2,0",
          {
            "x": 12.75
          },
          "6,0"
        ],
        [
          {
            "y": -0.48,
            "x": 3,
            "w": 1.25
          },
          "3,2",
          "3,3"
        ],
        [
          {
            "y": -0.9500000000000006,
            "x": 10.25
          },
          "7,3",
          {
            "w": 1.25
          },
          "7,2"
        ],
        [
          {
            "r": 20,
            "y": -3.129999999999999,
            "x": 6.55
          },
          "3,4"
        ],
        [
          {
            "r": 30,
            "y": -2.35,
            "x": 7.9
          },
          "3,5"
        ],
        [
          {
            "r": -30,
            "y": 6.75,
            "x": 4.5
          },
          "7,5"
        ],
        [
          {
            "r": -15,
            "y": -2.750000000000001,
            "x": 7.65
          },
          "7,4"
        ]
    ]
  }
}
